[
  {
    "id": "tim_id",
    "name": "Tim",
    "color": "#0941ec",
    "ics_url": "https://outlook.office365.com/owa/calendar/94306532f07b4e8884ce497662947cde@wsp.com/bad1ab984f444dd49149b9c72ca54f152815959418397542297/calendar.ics",
    "font_size": 12
  },
  {
    "id": "tlehotsky-gmail_id",
    "name": "Dawn",
    "color": "#b6b4e4",
    "ics_url": "https://calendar.google.com/calendar/ical/tlehotsky%40gmail.com/private-d9adf94314f28c46277f09968cae81d6/basic.ics",
    "font_size": 12
  },
  {
    "id": "timwisegpt_id",
    "name": "Alex",
    "color": "#f59e0b",
    "ics_url": "https://calendar.google.com/calendar/ical/alexlehotsky%40gmail.com/private-8e4adc23a2d09bcb8c87d7bfd328e55e/basic.ics",
    "font_size": 12
  },
  {
    "id": "lily.lehotsky-gmail_id",
    "name": "Lily",
    "color": "#e87d7d",
    "ics_url": "https://calendar.google.com/calendar/ical/tlehotsky%40gmail.com/private-d9adf94314f28c46277f09968cae81d6/basic.ics",
    "font_size": 12
  },
  {
    "id": "tlehotskyjunk_id",
    "name": "Syd",
    "color": "#ec09b0",
    "ics_url": "https://calendar.google.com/calendar/ical/4219b0c40bfaa844b8d1d1f3c6a4173e8f348ab8986d34ef120a9b0292f67c7d%40group.calendar.google.com/private-6ca5de7fd3e3b30721bcb031aa1750aa/basic.ics",
    "font_size": 12
  },
  {
    "id": "google_public_holiday",
    "name": "US Holidays",
    "color": "#3bf109",
    "ics_url": "https://calendar.google.com/calendar/ical/en.usa%23holiday%40group.v.calendar.google.com/public/basic.ics",
    "font_size": 12
  }
]